"Time","unique_id","id","Sample","Value"
0,"1_cell.1","1","cell.1",0.951977072796528
2,"1_cell.1","1","cell.1",0.962157716400943
4,"1_cell.1","1","cell.1",1
6,"1_cell.1","1","cell.1",0.95842949984558
8,"1_cell.1","1","cell.1",0.96158818925791
10,"1_cell.1","1","cell.1",0.980409705318133
12,"1_cell.1","1","cell.1",0.956259042419533
14,"1_cell.1","1","cell.1",0.981071109531859
16,"1_cell.1","1","cell.1",0.988327184211313
18,"1_cell.1","1","cell.1",0.927915796325139
20,"1_cell.1","1","cell.1",0.992359259271559
22,"1_cell.1","1","cell.1",0.943179013063149
24,"1_cell.1","1","cell.1",0.942421303968094
26,"1_cell.1","1","cell.1",0.965668140020656
28,"1_cell.1","1","cell.1",0.963643800345591
30,"1_cell.1","1","cell.1",0.952333788290876
32,"1_cell.1","1","cell.1",0.976452349562367
34,"1_cell.1","1","cell.1",0.967070095563223
36,"1_cell.1","1","cell.1",0.983578357304393
38,"1_cell.1","1","cell.1",0.902760297150372
40,"1_cell.1","1","cell.1",0.942756710623757
42,"1_cell.1","1","cell.1",0.946178024554424
44,"1_cell.1","1","cell.1",0.932369897086612
46,"1_cell.1","1","cell.1",0.924280010316799
48,"1_cell.1","1","cell.1",0.948002005798218
50,"1_cell.1","1","cell.1",0.113441615442433
52,"1_cell.1","1","cell.1",0.119491941938119
54,"1_cell.1","1","cell.1",0.112714347545499
56,"1_cell.1","1","cell.1",0
58,"1_cell.1","1","cell.1",0.0915845584531887
60,"1_cell.1","1","cell.1",0.065041494120421
62,"1_cell.1","1","cell.1",0.093265189327648
64,"1_cell.1","1","cell.1",0.084605498676638
66,"1_cell.1","1","cell.1",0.0765300022913921
68,"1_cell.1","1","cell.1",0.0751886524069026
70,"1_cell.1","1","cell.1",0.0690331654086148
72,"1_cell.1","1","cell.1",0.0597248004994572
74,"1_cell.1","1","cell.1",0.0831138799686954
76,"1_cell.1","1","cell.1",0.0684127184432702
78,"1_cell.1","1","cell.1",0.0571563935925151
80,"1_cell.1","1","cell.1",0.0456106006214433
82,"1_cell.1","1","cell.1",0.0571931997684256
84,"1_cell.1","1","cell.1",0.0545536711531459
86,"1_cell.1","1","cell.1",0.0485883032740339
88,"1_cell.1","1","cell.1",0.0626333186108629
90,"1_cell.1","1","cell.1",0.0484098071577772
92,"1_cell.1","1","cell.1",0.0492386379611703
94,"1_cell.1","1","cell.1",0.0664658654543321
96,"1_cell.1","1","cell.1",0.039891529708949
98,"1_cell.1","1","cell.1",0.0564529251777488
100,"1_cell.1","1","cell.1",0.0516205233450782
102,"1_cell.1","1","cell.1",0.0474926968798325
104,"1_cell.1","1","cell.1",0.0556835930797746
106,"1_cell.1","1","cell.1",0.0392655479803094
108,"1_cell.1","1","cell.1",0.0415253918335675
110,"1_cell.1","1","cell.1",0.0351438097546881
112,"1_cell.1","1","cell.1",0.0444452562097276
114,"1_cell.1","1","cell.1",0.0336444423781329
116,"1_cell.1","1","cell.1",0.0473366165549199
118,"1_cell.1","1","cell.1",0.0369752629289304
120,"1_cell.1","1","cell.1",0.0269960847084453
122,"1_cell.1","1","cell.1",0.0339541123844756
124,"1_cell.1","1","cell.1",0.0303382515239969
126,"1_cell.1","1","cell.1",0.0218570569892438
128,"1_cell.1","1","cell.1",0.0346293535064386
130,"1_cell.1","1","cell.1",0.0179497908412951
132,"1_cell.1","1","cell.1",0.0292924579994488
134,"1_cell.1","1","cell.1",0.0354711910035743
136,"1_cell.1","1","cell.1",0.0435638451550342
138,"1_cell.1","1","cell.1",0.0342612917473357
140,"1_cell.1","1","cell.1",0.0253201583827865
142,"1_cell.1","1","cell.1",0.0475867878558437
144,"1_cell.1","1","cell.1",0.0442363188953497
146,"1_cell.1","1","cell.1",0.0460309658936817
148,"1_cell.1","1","cell.1",0.0457531207762838
150,"1_cell.1","1","cell.1",0.049501815955837
152,"1_cell.1","1","cell.1",0.0300894639138967
154,"1_cell.1","1","cell.1",0.0497096463175559
156,"1_cell.1","1","cell.1",0.0249119695897964
158,"1_cell.1","1","cell.1",0.0207097005582362
160,"1_cell.1","1","cell.1",0.0787502725870921
162,"1_cell.1","1","cell.1",0.13046073583571
164,"1_cell.1","1","cell.1",0.209304822660649
166,"1_cell.1","1","cell.1",0.305882567820222
168,"1_cell.1","1","cell.1",0.358931613571682
170,"1_cell.1","1","cell.1",0.390920054772018
172,"1_cell.1","1","cell.1",0.420055325493895
174,"1_cell.1","1","cell.1",0.477072796527711
176,"1_cell.1","1","cell.1",0.437674967704656
178,"1_cell.1","1","cell.1",0.482685046508616
180,"1_cell.1","1","cell.1",0.41169783291878
182,"1_cell.1","1","cell.1",0.48152025557323
184,"1_cell.1","1","cell.1",0.471791525391833
186,"1_cell.1","1","cell.1",0.49667250030718
188,"1_cell.1","1","cell.1",0.481645341223692
190,"1_cell.1","1","cell.1",0.47612026376468
192,"1_cell.1","1","cell.1",0.474644972608457
194,"1_cell.1","1","cell.1",0.494527502792288
196,"1_cell.1","1","cell.1",0.515168295547504
198,"1_cell.1","1","cell.1",0.504645603571472
200,"1_cell.1","1","cell.1",0.512023166305247
202,"1_cell.1","1","cell.1",0.507756417281302
204,"1_cell.1","1","cell.1",0.516092601017732
206,"1_cell.1","1","cell.1",0.520535355514451
208,"1_cell.1","1","cell.1",0.525433897768494
210,"1_cell.1","1","cell.1",0.529480363213306
212,"1_cell.1","1","cell.1",0.511984422962183
214,"1_cell.1","1","cell.1",0.531851732546954
216,"1_cell.1","1","cell.1",0.496259053489059
218,"1_cell.1","1","cell.1",0.513160283424159
220,"1_cell.1","1","cell.1",0.528807059258497
222,"1_cell.1","1","cell.1",0.566061550995649
224,"1_cell.1","1","cell.1",0.53747394510179
226,"1_cell.1","1","cell.1",0.629917498818328
228,"1_cell.1","1","cell.1",0.582642594874145
230,"1_cell.1","1","cell.1",0.566705520704996
232,"1_cell.1","1","cell.1",0.537703084302194
234,"1_cell.1","1","cell.1",0.522561355618504
236,"1_cell.1","1","cell.1",0.558043062672339
238,"1_cell.1","1","cell.1",0.524165606759496
240,"1_cell.1","1","cell.1",0.523679654542214
0,"1_cell.2","1","cell.2",0.954287746628685
2,"1_cell.2","1","cell.2",0.959315218235713
4,"1_cell.2","1","cell.2",0.995103231609413
6,"1_cell.2","1","cell.2",0.97385567493116
8,"1_cell.2","1","cell.2",0.956231358683866
10,"1_cell.2","1","cell.2",0.973723130824346
12,"1_cell.2","1","cell.2",0.943473988403127
14,"1_cell.2","1","cell.2",0.987559262863313
16,"1_cell.2","1","cell.2",0.966930245350187
18,"1_cell.2","1","cell.2",0.935232690383962
20,"1_cell.2","1","cell.2",1
22,"1_cell.2","1","cell.2",0.922244840628597
24,"1_cell.2","1","cell.2",0.940097427282069
26,"1_cell.2","1","cell.2",0.964258745241758
28,"1_cell.2","1","cell.2",0.975284205860142
30,"1_cell.2","1","cell.2",0.977629500194581
32,"1_cell.2","1","cell.2",0.973075137413261
34,"1_cell.2","1","cell.2",0.954448272269158
36,"1_cell.2","1","cell.2",0.992761619055718
38,"1_cell.2","1","cell.2",0.918365348257799
40,"1_cell.2","1","cell.2",0.926892352462761
42,"1_cell.2","1","cell.2",0.956898497354824
44,"1_cell.2","1","cell.2",0.933646211061026
46,"1_cell.2","1","cell.2",0.937054067318415
48,"1_cell.2","1","cell.2",0.985173468940682
50,"1_cell.2","1","cell.2",0.12482120352258
52,"1_cell.2","1","cell.2",0.147840801273307
54,"1_cell.2","1","cell.2",0.0971172761302422
56,"1_cell.2","1","cell.2",0.104318839267075
58,"1_cell.2","1","cell.2",0.0163003478914627
60,"1_cell.2","1","cell.2",0.0242110219997444
62,"1_cell.2","1","cell.2",0.100695598836116
64,"1_cell.2","1","cell.2",0.0780198794069533
66,"1_cell.2","1","cell.2",0.0770143850855481
68,"1_cell.2","1","cell.2",0.0814881168685569
70,"1_cell.2","1","cell.2",0.0710403276490321
72,"1_cell.2","1","cell.2",0.0640839711098027
74,"1_cell.2","1","cell.2",0.0904164351747022
76,"1_cell.2","1","cell.2",0.0802017026763232
78,"1_cell.2","1","cell.2",0.0843694784794393
80,"1_cell.2","1","cell.2",0.0583208797099639
82,"1_cell.2","1","cell.2",0.10302248426683
84,"1_cell.2","1","cell.2",0.0769035634851295
86,"1_cell.2","1","cell.2",0.0806781251047004
88,"1_cell.2","1","cell.2",0.0967538843707302
90,"1_cell.2","1","cell.2",0.0848528962912317
92,"1_cell.2","1","cell.2",0.0853006008297998
94,"1_cell.2","1","cell.2",0.09757565783297
96,"1_cell.2","1","cell.2",0.0607887773432049
98,"1_cell.2","1","cell.2",0.0984817440742659
100,"1_cell.2","1","cell.2",0.0774061265567949
102,"1_cell.2","1","cell.2",0.0782934357162924
104,"1_cell.2","1","cell.2",0.0780250338999962
106,"1_cell.2","1","cell.2",0.0720730671479491
108,"1_cell.2","1","cell.2",0.0516708473287024
110,"1_cell.2","1","cell.2",0.0648501496827962
112,"1_cell.2","1","cell.2",0.0814829623755144
114,"1_cell.2","1","cell.2",0.0631281808284524
116,"1_cell.2","1","cell.2",0.0817749275885773
118,"1_cell.2","1","cell.2",0.0662709488722155
120,"1_cell.2","1","cell.2",0.0606013747032946
122,"1_cell.2","1","cell.2",0.0616705638315852
124,"1_cell.2","1","cell.2",0.0421740620755596
126,"1_cell.2","1","cell.2",0.0356856598689948
128,"1_cell.2","1","cell.2",0.0489643703031983
130,"1_cell.2","1","cell.2",0.033172476332593
132,"1_cell.2","1","cell.2",0.0397175779626277
134,"1_cell.2","1","cell.2",0.0607195598652026
136,"1_cell.2","1","cell.2",0.0765769895330653
138,"1_cell.2","1","cell.2",0.0555827393700545
140,"1_cell.2","1","cell.2",0.0547164163608028
142,"1_cell.2","1","cell.2",0.0823570171243303
144,"1_cell.2","1","cell.2",0.0509039323995603
146,"1_cell.2","1","cell.2",0.0676722346236871
148,"1_cell.2","1","cell.2",0.071174344468143
150,"1_cell.2","1","cell.2",0.0503012248916358
152,"1_cell.2","1","cell.2",0
154,"1_cell.2","1","cell.2",0.0862825317544384
156,"1_cell.2","1","cell.2",0.0791976810672156
158,"1_cell.2","1","cell.2",0.079461664746618
160,"1_cell.2","1","cell.2",0.171819502908054
162,"1_cell.2","1","cell.2",0.283393659310837
164,"1_cell.2","1","cell.2",0.402412744557684
166,"1_cell.2","1","cell.2",0.514543954387155
168,"1_cell.2","1","cell.2",0.558536079794497
170,"1_cell.2","1","cell.2",0.603478104634
172,"1_cell.2","1","cell.2",0.639056624683321
174,"1_cell.2","1","cell.2",0.697608352045984
176,"1_cell.2","1","cell.2",0.633513335593947
178,"1_cell.2","1","cell.2",0.688101257806756
180,"1_cell.2","1","cell.2",0.627012415332849
182,"1_cell.2","1","cell.2",0.692593398493489
184,"1_cell.2","1","cell.2",0.680669951551447
186,"1_cell.2","1","cell.2",0.715716454283144
188,"1_cell.2","1","cell.2",0.682160336396943
190,"1_cell.2","1","cell.2",0.6596661287585
192,"1_cell.2","1","cell.2",0.652850048065648
194,"1_cell.2","1","cell.2",0.685640723735004
196,"1_cell.2","1","cell.2",0.693437998996346
198,"1_cell.2","1","cell.2",0.691578699720221
200,"1_cell.2","1","cell.2",0.703430351937739
202,"1_cell.2","1","cell.2",0.705382800266708
204,"1_cell.2","1","cell.2",0.687377787890402
206,"1_cell.2","1","cell.2",0.695060559770581
208,"1_cell.2","1","cell.2",0.700466518438174
210,"1_cell.2","1","cell.2",0.687803769922576
212,"1_cell.2","1","cell.2",0.659838067919282
214,"1_cell.2","1","cell.2",0.702301886139457
216,"1_cell.2","1","cell.2",0.681495774972506
218,"1_cell.2","1","cell.2",0.686198145339768
220,"1_cell.2","1","cell.2",0.712091372961812
222,"1_cell.2","1","cell.2",0.736944129345376
224,"1_cell.2","1","cell.2",0.70407466356808
226,"1_cell.2","1","cell.2",0.852523695020428
228,"1_cell.2","1","cell.2",0.78809989554788
230,"1_cell.2","1","cell.2",0.78025181171226
232,"1_cell.2","1","cell.2",0.715995165085526
234,"1_cell.2","1","cell.2",0.728383620935636
236,"1_cell.2","1","cell.2",0.778116378880275
238,"1_cell.2","1","cell.2",0.719792553745715
240,"1_cell.2","1","cell.2",0.706509793352692
0,"1_cell.3","1","cell.3",0.957400182528375
2,"1_cell.3","1","cell.3",0.985071473984818
4,"1_cell.3","1","cell.3",0.987410327853794
6,"1_cell.3","1","cell.3",0.990302375982209
8,"1_cell.3","1","cell.3",0.970470233131499
10,"1_cell.3","1","cell.3",0.954990828553777
12,"1_cell.3","1","cell.3",1
14,"1_cell.3","1","cell.3",0.955934603690346
16,"1_cell.3","1","cell.3",0.990150569185433
18,"1_cell.3","1","cell.3",0.987479798760793
20,"1_cell.3","1","cell.3",0.968041581682734
22,"1_cell.3","1","cell.3",0.934474525918952
24,"1_cell.3","1","cell.3",0.963297233333994
26,"1_cell.3","1","cell.3",0.963503330358091
28,"1_cell.3","1","cell.3",0.973171622215149
30,"1_cell.3","1","cell.3",0.989996189392101
32,"1_cell.3","1","cell.3",0.982624554260509
34,"1_cell.3","1","cell.3",0.985050890012373
36,"1_cell.3","1","cell.3",0.948679268003064
38,"1_cell.3","1","cell.3",0.953929467474622
40,"1_cell.3","1","cell.3",0.964142977301796
42,"1_cell.3","1","cell.3",0.961179399869137
44,"1_cell.3","1","cell.3",0.935744814318417
46,"1_cell.3","1","cell.3",0.396611209156574
48,"1_cell.3","1","cell.3",0.0985663520492242
50,"1_cell.3","1","cell.3",0.0601224386140913
52,"1_cell.3","1","cell.3",0.0303621312542149
54,"1_cell.3","1","cell.3",0.0370143565488807
56,"1_cell.3","1","cell.3",0.0365007864363971
58,"1_cell.3","1","cell.3",0.021449528485516
60,"1_cell.3","1","cell.3",0.0206773722192018
62,"1_cell.3","1","cell.3",0.0115928932805938
64,"1_cell.3","1","cell.3",0.0113754750716514
66,"1_cell.3","1","cell.3",0.0176867783227097
68,"1_cell.3","1","cell.3",0.00913182207522971
70,"1_cell.3","1","cell.3",0.0130878042793563
72,"1_cell.3","1","cell.3",0.015854032876206
74,"1_cell.3","1","cell.3",0.010365573923606
76,"1_cell.3","1","cell.3",0.0194922500057248
78,"1_cell.3","1","cell.3",0.0182217043066044
80,"1_cell.3","1","cell.3",0.0136448580336283
82,"1_cell.3","1","cell.3",0.0223657725589403
84,"1_cell.3","1","cell.3",0.00653618315001146
86,"1_cell.3","1","cell.3",0.0190774829609735
88,"1_cell.3","1","cell.3",0.000302584394930116
90,"1_cell.3","1","cell.3",0
92,"1_cell.3","1","cell.3",0.00209030240171201
94,"1_cell.3","1","cell.3",0.0114524076686618
96,"1_cell.3","1","cell.3",0.0524330384078912
98,"1_cell.3","1","cell.3",0.206465991803977
100,"1_cell.3","1","cell.3",0.0321557671530745
102,"1_cell.3","1","cell.3",0.0506710503666648
104,"1_cell.3","1","cell.3",0.0522675947293709
106,"1_cell.3","1","cell.3",0.048769348612473
108,"1_cell.3","1","cell.3",0.0551966940081857
110,"1_cell.3","1","cell.3",0.0382457927003572
112,"1_cell.3","1","cell.3",0.0595579231698082
114,"1_cell.3","1","cell.3",0.0378675622066943
116,"1_cell.3","1","cell.3",0.0523900693654139
118,"1_cell.3","1","cell.3",0.0474059177376977
120,"1_cell.3","1","cell.3",0.0488434509132721
122,"1_cell.3","1","cell.3",0.037136831184924
124,"1_cell.3","1","cell.3",0.0447956127321132
126,"1_cell.3","1","cell.3",0.0563820735213181
128,"1_cell.3","1","cell.3",0.0550924876476867
130,"1_cell.3","1","cell.3",0.0484711383116869
132,"1_cell.3","1","cell.3",0.0507770578247525
134,"1_cell.3","1","cell.3",0.0563493964650629
136,"1_cell.3","1","cell.3",0.0550412850162315
138,"1_cell.3","1","cell.3",0.0566900612090148
140,"1_cell.3","1","cell.3",0.0568657968737575
142,"1_cell.3","1","cell.3",0.0509576821829507
144,"1_cell.3","1","cell.3",0.0590227398862581
146,"1_cell.3","1","cell.3",0.0494293222289663
148,"1_cell.3","1","cell.3",0.0751122019472951
150,"1_cell.3","1","cell.3",0.00257942904691809
152,"1_cell.3","1","cell.3",0.105465842312877
154,"1_cell.3","1","cell.3",0.159527587540418
156,"1_cell.3","1","cell.3",0.226154561446888
158,"1_cell.3","1","cell.3",0.339905195368915
160,"1_cell.3","1","cell.3",0.40747208491712
162,"1_cell.3","1","cell.3",0.455832069777608
164,"1_cell.3","1","cell.3",0.453382577056744
166,"1_cell.3","1","cell.3",0.504432629816038
168,"1_cell.3","1","cell.3",0.51789969378768
170,"1_cell.3","1","cell.3",0.513140679358572
172,"1_cell.3","1","cell.3",0.514737995620245
174,"1_cell.3","1","cell.3",0.540090245281188
176,"1_cell.3","1","cell.3",0.542146584128367
178,"1_cell.3","1","cell.3",0.543306233675945
180,"1_cell.3","1","cell.3",0.530602063183018
182,"1_cell.3","1","cell.3",0.545777854167186
184,"1_cell.3","1","cell.3",0.536963797166565
186,"1_cell.3","1","cell.3",0.564643836811295
188,"1_cell.3","1","cell.3",0.552594493941751
190,"1_cell.3","1","cell.3",0.571121870239152
192,"1_cell.3","1","cell.3",0.577899657765728
194,"1_cell.3","1","cell.3",0.585717193200393
196,"1_cell.3","1","cell.3",0.574246517256187
198,"1_cell.3","1","cell.3",0.571165611180596
200,"1_cell.3","1","cell.3",0.588601522339142
202,"1_cell.3","1","cell.3",0.599524664616331
204,"1_cell.3","1","cell.3",0.581152182711573
206,"1_cell.3","1","cell.3",0.593902152543188
208,"1_cell.3","1","cell.3",0.591581309650101
210,"1_cell.3","1","cell.3",0.566638423741142
212,"1_cell.3","1","cell.3",0.583118209379653
214,"1_cell.3","1","cell.3",0.617443012629039
216,"1_cell.3","1","cell.3",0.606616357722682
218,"1_cell.3","1","cell.3",0.60622706334383
220,"1_cell.3","1","cell.3",0.627507803255304
222,"1_cell.3","1","cell.3",0.62547024728298
224,"1_cell.3","1","cell.3",0.633122339039125
226,"1_cell.3","1","cell.3",0.600102302343048
228,"1_cell.3","1","cell.3",0.625315095590681
230,"1_cell.3","1","cell.3",0.625634147163567
232,"1_cell.3","1","cell.3",0.637122319484351
234,"1_cell.3","1","cell.3",0.604902999316355
236,"1_cell.3","1","cell.3",0.623698224555187
238,"1_cell.3","1","cell.3",0.635550475888578
240,"1_cell.3","1","cell.3",0.633892951507506
0,"1_cell.5","1","cell.5",0.972603311669369
2,"1_cell.5","1","cell.5",1
4,"1_cell.5","1","cell.5",0.992481899460958
6,"1_cell.5","1","cell.5",0.991445015421922
8,"1_cell.5","1","cell.5",0.990444076696238
10,"1_cell.5","1","cell.5",0.985024352949797
12,"1_cell.5","1","cell.5",0.970962269863587
14,"1_cell.5","1","cell.5",0.981900981721808
16,"1_cell.5","1","cell.5",0.996140026350679
18,"1_cell.5","1","cell.5",0.990283705298201
20,"1_cell.5","1","cell.5",0.988707641558865
22,"1_cell.5","1","cell.5",0.963043517331862
24,"1_cell.5","1","cell.5",0.967916042808103
26,"1_cell.5","1","cell.5",0.972734373811904
28,"1_cell.5","1","cell.5",0.949764212569523
30,"1_cell.5","1","cell.5",0.966960726980137
32,"1_cell.5","1","cell.5",0.968221301469195
34,"1_cell.5","1","cell.5",0.967894199117681
36,"1_cell.5","1","cell.5",0.950263852425133
38,"1_cell.5","1","cell.5",0.9584599368745
40,"1_cell.5","1","cell.5",0.950498326469161
42,"1_cell.5","1","cell.5",0.953139200990984
44,"1_cell.5","1","cell.5",0.964232754199035
46,"1_cell.5","1","cell.5",0.955749107242842
48,"1_cell.5","1","cell.5",0.142038458720264
50,"1_cell.5","1","cell.5",0.133421261099844
52,"1_cell.5","1","cell.5",0.120953214409647
54,"1_cell.5","1","cell.5",0.120839018914147
56,"1_cell.5","1","cell.5",0.0921181605400643
58,"1_cell.5","1","cell.5",0.0766705238752917
60,"1_cell.5","1","cell.5",0.0922160423933494
62,"1_cell.5","1","cell.5",0.081722775918299
64,"1_cell.5","1","cell.5",0.0887235404474638
66,"1_cell.5","1","cell.5",0.0897590419744482
68,"1_cell.5","1","cell.5",0.0790827309037065
70,"1_cell.5","1","cell.5",0.0826435289449636
72,"1_cell.5","1","cell.5",0.094298105543735
74,"1_cell.5","1","cell.5",0.0843077969532197
76,"1_cell.5","1","cell.5",0.0839110159942818
78,"1_cell.5","1","cell.5",0.0756095841265495
80,"1_cell.5","1","cell.5",0.0843528668461167
82,"1_cell.5","1","cell.5",0.0868474715928335
84,"1_cell.5","1","cell.5",0.0679150750496667
86,"1_cell.5","1","cell.5",0.077443348112387
88,"1_cell.5","1","cell.5",0.0796877181776832
90,"1_cell.5","1","cell.5",0.0715073943657105
92,"1_cell.5","1","cell.5",0.0744084576557296
94,"1_cell.5","1","cell.5",0.0814800068019593
96,"1_cell.5","1","cell.5",0.069353993593439
98,"1_cell.5","1","cell.5",0.0672622528586893
100,"1_cell.5","1","cell.5",0.0732405114741587
102,"1_cell.5","1","cell.5",0.0660155034901516
104,"1_cell.5","1","cell.5",0.0804469937966685
106,"1_cell.5","1","cell.5",0.080420449565269
108,"1_cell.5","1","cell.5",0.0803858867639679
110,"1_cell.5","1","cell.5",0.0686572075192063
112,"1_cell.5","1","cell.5",0.0718875851800236
114,"1_cell.5","1","cell.5",0.0754633143514427
116,"1_cell.5","1","cell.5",0.0795287292916975
118,"1_cell.5","1","cell.5",0.0751375945119801
120,"1_cell.5","1","cell.5",0.070345807739579
122,"1_cell.5","1","cell.5",0.0710749445958294
124,"1_cell.5","1","cell.5",0.0684874350392148
126,"1_cell.5","1","cell.5",0.0671552464258606
128,"1_cell.5","1","cell.5",0.0633298355778416
130,"1_cell.5","1","cell.5",0.0815422198443016
132,"1_cell.5","1","cell.5",0.0731727683836083
134,"1_cell.5","1","cell.5",0.0799130676421671
136,"1_cell.5","1","cell.5",0.0787437389485442
138,"1_cell.5","1","cell.5",0.0793749939515098
140,"1_cell.5","1","cell.5",0.0781464937420591
142,"1_cell.5","1","cell.5",0.0687644904544453
144,"1_cell.5","1","cell.5",0.0660000193551685
146,"1_cell.5","1","cell.5",0
148,"1_cell.5","1","cell.5",0.0653961380908337
150,"1_cell.5","1","cell.5",0.0861752942331276
152,"1_cell.5","1","cell.5",0.171164393125597
154,"1_cell.5","1","cell.5",0.287659559172207
156,"1_cell.5","1","cell.5",0.409009278038381
158,"1_cell.5","1","cell.5",0.46548157733565
160,"1_cell.5","1","cell.5",0.536487672831288
162,"1_cell.5","1","cell.5",0.551090318129848
164,"1_cell.5","1","cell.5",0.583121186858946
166,"1_cell.5","1","cell.5",0.588426715109889
168,"1_cell.5","1","cell.5",0.598393520995519
170,"1_cell.5","1","cell.5",0.607671006371998
172,"1_cell.5","1","cell.5",0.618196347126656
174,"1_cell.5","1","cell.5",0.638572915759393
176,"1_cell.5","1","cell.5",0.63715418189158
178,"1_cell.5","1","cell.5",0.64000132721157
180,"1_cell.5","1","cell.5",0.647103015120534
182,"1_cell.5","1","cell.5",0.659704335972549
184,"1_cell.5","1","cell.5",0.653231691047267
186,"1_cell.5","1","cell.5",0.674155457950205
188,"1_cell.5","1","cell.5",0.663840812032279
190,"1_cell.5","1","cell.5",0.690066236152414
192,"1_cell.5","1","cell.5",0.671369419662916
194,"1_cell.5","1","cell.5",0.677088319017421
196,"1_cell.5","1","cell.5",0.683780230354158
198,"1_cell.5","1","cell.5",0.69627150324683
200,"1_cell.5","1","cell.5",0.69920021677789
202,"1_cell.5","1","cell.5",0.690736477995247
204,"1_cell.5","1","cell.5",0.69277678928166
206,"1_cell.5","1","cell.5",0.701353894052571
208,"1_cell.5","1","cell.5",0.703912370856093
210,"1_cell.5","1","cell.5",0.720041032957704
212,"1_cell.5","1","cell.5",0.708503416878537
214,"1_cell.5","1","cell.5",0.711528353248419
216,"1_cell.5","1","cell.5",0.714232546822227
218,"1_cell.5","1","cell.5",0.718124871253565
220,"1_cell.5","1","cell.5",0.7264821566082
222,"1_cell.5","1","cell.5",0.722581537104549
224,"1_cell.5","1","cell.5",0.729067177643121
226,"1_cell.5","1","cell.5",0.750890130384711
228,"1_cell.5","1","cell.5",0.747459011973937
230,"1_cell.5","1","cell.5",0.729156487921683
232,"1_cell.5","1","cell.5",0.746224705213868
234,"1_cell.5","1","cell.5",0.748867791754975
236,"1_cell.5","1","cell.5",0.746297148845395
238,"1_cell.5","1","cell.5",0.741672093026471
240,"1_cell.5","1","cell.5",0.739343113223589
0,"1_cell.6","1","cell.6",0.92897202305502
2,"1_cell.6","1","cell.6",0.926463267939301
4,"1_cell.6","1","cell.6",0.965719825518847
6,"1_cell.6","1","cell.6",0.971670496217297
8,"1_cell.6","1","cell.6",0.941020854860078
10,"1_cell.6","1","cell.6",0.958787776335334
12,"1_cell.6","1","cell.6",0.923665204715268
14,"1_cell.6","1","cell.6",0.938390420157628
16,"1_cell.6","1","cell.6",0.949527080515297
18,"1_cell.6","1","cell.6",0.939119079501017
20,"1_cell.6","1","cell.6",0.961726239082519
22,"1_cell.6","1","cell.6",0.9534043764375
24,"1_cell.6","1","cell.6",0.961431258266199
26,"1_cell.6","1","cell.6",0.998700949866593
28,"1_cell.6","1","cell.6",0.95030424151214
30,"1_cell.6","1","cell.6",0.941564867557868
32,"1_cell.6","1","cell.6",0.957414980997847
34,"1_cell.6","1","cell.6",0.96442077538544
36,"1_cell.6","1","cell.6",1
38,"1_cell.6","1","cell.6",0.962741653815619
40,"1_cell.6","1","cell.6",0.986504627653374
42,"1_cell.6","1","cell.6",0.9318134824953
44,"1_cell.6","1","cell.6",0.96751240124879
46,"1_cell.6","1","cell.6",0.917310069935981
48,"1_cell.6","1","cell.6",0.974523868344389
50,"1_cell.6","1","cell.6",0.0813406764647571
52,"1_cell.6","1","cell.6",0.0649479685039906
54,"1_cell.6","1","cell.6",0.0924033079829467
56,"1_cell.6","1","cell.6",0.0342027420168689
58,"1_cell.6","1","cell.6",0.0376179958719704
60,"1_cell.6","1","cell.6",0.0368876347161788
62,"1_cell.6","1","cell.6",0.038426640398247
64,"1_cell.6","1","cell.6",0.0300230907579391
66,"1_cell.6","1","cell.6",0.054431618766793
68,"1_cell.6","1","cell.6",0.0319932222484743
70,"1_cell.6","1","cell.6",0.0655297047100213
72,"1_cell.6","1","cell.6",0.034006182684456
74,"1_cell.6","1","cell.6",0.0389760421686423
76,"1_cell.6","1","cell.6",0.0453734386225757
78,"1_cell.6","1","cell.6",0.0356234717370087
80,"1_cell.6","1","cell.6",0.0190861097220856
82,"1_cell.6","1","cell.6",0.027761382075888
84,"1_cell.6","1","cell.6",0.0158245862539507
86,"1_cell.6","1","cell.6",0.0121642714129837
88,"1_cell.6","1","cell.6",0.0120720899078839
90,"1_cell.6","1","cell.6",0.0248013630382798
92,"1_cell.6","1","cell.6",0.0190651207024629
94,"1_cell.6","1","cell.6",0.0256165311787631
96,"1_cell.6","1","cell.6",0.0242045941560329
98,"1_cell.6","1","cell.6",0.000382340519614354
100,"1_cell.6","1","cell.6",0.0365078469151671
102,"1_cell.6","1","cell.6",0.0309159749981069
104,"1_cell.6","1","cell.6",0.00364329671694867
106,"1_cell.6","1","cell.6",0.02553966598528
108,"1_cell.6","1","cell.6",0.017202487028644
110,"1_cell.6","1","cell.6",0
112,"1_cell.6","1","cell.6",0.00229234130528454
114,"1_cell.6","1","cell.6",0.0154677729203641
116,"1_cell.6","1","cell.6",0.00987079556609793
118,"1_cell.6","1","cell.6",0.0215006978849026
120,"1_cell.6","1","cell.6",0.00677661698414444
122,"1_cell.6","1","cell.6",0.036977263502676
124,"1_cell.6","1","cell.6",0.0258025960013648
126,"1_cell.6","1","cell.6",0.0108331704793411
128,"1_cell.6","1","cell.6",0.0135027468670343
130,"1_cell.6","1","cell.6",0.021095099262463
132,"1_cell.6","1","cell.6",0.00688354753006042
134,"1_cell.6","1","cell.6",0.0316746996939292
136,"1_cell.6","1","cell.6",0.0268336106814824
138,"1_cell.6","1","cell.6",0.00334179228642189
140,"1_cell.6","1","cell.6",0.0346256423987273
142,"1_cell.6","1","cell.6",0.00927601213165336
144,"1_cell.6","1","cell.6",0.0152919189721735
146,"1_cell.6","1","cell.6",0.00369151473500105
148,"1_cell.6","1","cell.6",0.0903242604986935
150,"1_cell.6","1","cell.6",0.237418713639715
152,"1_cell.6","1","cell.6",0.442897244850812
154,"1_cell.6","1","cell.6",0.614101274288763
156,"1_cell.6","1","cell.6",0.756173111761141
158,"1_cell.6","1","cell.6",0.789917782606513
160,"1_cell.6","1","cell.6",0.807203942078248
162,"1_cell.6","1","cell.6",0.855715522769825
164,"1_cell.6","1","cell.6",0.885284513251871
166,"1_cell.6","1","cell.6",0.843859563036975
168,"1_cell.6","1","cell.6",0.86613742191872
170,"1_cell.6","1","cell.6",0.892916290967943
172,"1_cell.6","1","cell.6",0.897430348363835
174,"1_cell.6","1","cell.6",0.883420177765651
176,"1_cell.6","1","cell.6",0.924405776745471
178,"1_cell.6","1","cell.6",0.884210385990907
180,"1_cell.6","1","cell.6",0.892128068190489
182,"1_cell.6","1","cell.6",0.898501922906196
184,"1_cell.6","1","cell.6",0.911588009370179
186,"1_cell.6","1","cell.6",0.907580241163836
188,"1_cell.6","1","cell.6",0.893446689166518
190,"1_cell.6","1","cell.6",0.879911607863848
192,"1_cell.6","1","cell.6",0.887141757853084
194,"1_cell.6","1","cell.6",0.911603325681796
196,"1_cell.6","1","cell.6",0.915054601232736
198,"1_cell.6","1","cell.6",0.897747452741379
200,"1_cell.6","1","cell.6",0.902858562654918
202,"1_cell.6","1","cell.6",0.895978986020462
204,"1_cell.6","1","cell.6",0.939096955939793
206,"1_cell.6","1","cell.6",0.903038954769514
208,"1_cell.6","1","cell.6",0.864144032325359
210,"1_cell.6","1","cell.6",0.923571888668567
212,"1_cell.6","1","cell.6",0.901967380227152
214,"1_cell.6","1","cell.6",0.880550638420741
216,"1_cell.6","1","cell.6",0.891494426706202
218,"1_cell.6","1","cell.6",0.905409295809883
220,"1_cell.6","1","cell.6",0.868867129011278
222,"1_cell.6","1","cell.6",0.910247832103727
224,"1_cell.6","1","cell.6",0.861028013817582
226,"1_cell.6","1","cell.6",0.882105244049826
228,"1_cell.6","1","cell.6",0.907728866113597
230,"1_cell.6","1","cell.6",0.891403663378104
232,"1_cell.6","1","cell.6",0.904711836360527
234,"1_cell.6","1","cell.6",0.890051289789438
236,"1_cell.6","1","cell.6",0.914509453993345
238,"1_cell.6","1","cell.6",0.92928572380776
240,"1_cell.6","1","cell.6",0.913543108184498
0,"1_cell.7","1","cell.7",0.909964982378593
2,"1_cell.7","1","cell.7",0.902607903977404
4,"1_cell.7","1","cell.7",0.934002158642533
6,"1_cell.7","1","cell.7",0.935597816907866
8,"1_cell.7","1","cell.7",0.916581816894997
10,"1_cell.7","1","cell.7",0.921812744998689
12,"1_cell.7","1","cell.7",0.894504469290817
14,"1_cell.7","1","cell.7",0.901590350127959
16,"1_cell.7","1","cell.7",0.886874906504399
18,"1_cell.7","1","cell.7",0.863482427652501
20,"1_cell.7","1","cell.7",0.894554011906313
22,"1_cell.7","1","cell.7",0.890465781011989
24,"1_cell.7","1","cell.7",0.883755330254614
26,"1_cell.7","1","cell.7",0.924495767162576
28,"1_cell.7","1","cell.7",0.894554011906313
30,"1_cell.7","1","cell.7",0.872589582860829
32,"1_cell.7","1","cell.7",0.907788967760304
34,"1_cell.7","1","cell.7",0.883588365206286
36,"1_cell.7","1","cell.7",0.935803708296941
38,"1_cell.7","1","cell.7",0.896804018742551
40,"1_cell.7","1","cell.7",0.944769634880575
42,"1_cell.7","1","cell.7",0.88304950883644
44,"1_cell.7","1","cell.7",0.891875815321859
46,"1_cell.7","1","cell.7",0.852746800238706
48,"1_cell.7","1","cell.7",1
50,"1_cell.7","1","cell.7",0.129955427731318
52,"1_cell.7","1","cell.7",0.148253703230082
54,"1_cell.7","1","cell.7",0.174078595820727
56,"1_cell.7","1","cell.7",0.0697434561121596
58,"1_cell.7","1","cell.7",0.073112675671198
60,"1_cell.7","1","cell.7",0.0874282396125383
62,"1_cell.7","1","cell.7",0.0786028982430067
64,"1_cell.7","1","cell.7",0.0858666821085211
66,"1_cell.7","1","cell.7",0.107025882799544
68,"1_cell.7","1","cell.7",0.0825666291879998
70,"1_cell.7","1","cell.7",0.0996781338519225
72,"1_cell.7","1","cell.7",0.0803555486925095
74,"1_cell.7","1","cell.7",0.100218598748245
76,"1_cell.7","1","cell.7",0.0908463583764821
78,"1_cell.7","1","cell.7",0.0849105739705031
80,"1_cell.7","1","cell.7",0
82,"1_cell.7","1","cell.7",0.116259468188976
84,"1_cell.7","1","cell.7",0.0786627354279566
86,"1_cell.7","1","cell.7",0.0904529128001711
88,"1_cell.7","1","cell.7",0.100071579428233
90,"1_cell.7","1","cell.7",0.0952205852784443
92,"1_cell.7","1","cell.7",0.0959708020273869
94,"1_cell.7","1","cell.7",0.0885435918717943
96,"1_cell.7","1","cell.7",0.0886812817382384
98,"1_cell.7","1","cell.7",0.0705342077283264
100,"1_cell.7","1","cell.7",0.125278154441061
102,"1_cell.7","1","cell.7",0.121158396427784
104,"1_cell.7","1","cell.7",0.0890033087389636
106,"1_cell.7","1","cell.7",0.0996910020637398
108,"1_cell.7","1","cell.7",0.0890345141526203
110,"1_cell.7","1","cell.7",0.0790758050272888
112,"1_cell.7","1","cell.7",0.0916174859696281
114,"1_cell.7","1","cell.7",0.100180315818089
116,"1_cell.7","1","cell.7",0.0966299761777232
118,"1_cell.7","1","cell.7",0.0936738262180166
120,"1_cell.7","1","cell.7",0.0883238671550155
122,"1_cell.7","1","cell.7",0.102570907868429
124,"1_cell.7","1","cell.7",0.113543310379661
126,"1_cell.7","1","cell.7",0.0959045307365285
128,"1_cell.7","1","cell.7",0.092290815152963
130,"1_cell.7","1","cell.7",0.105860022808906
132,"1_cell.7","1","cell.7",0.101357435494067
134,"1_cell.7","1","cell.7",0.0991991146670272
136,"1_cell.7","1","cell.7",0.0917027378729168
138,"1_cell.7","1","cell.7",0.0926241018390284
140,"1_cell.7","1","cell.7",0.125720177516982
142,"1_cell.7","1","cell.7",0.108752153414821
144,"1_cell.7","1","cell.7",0.0858837324891789
146,"1_cell.7","1","cell.7",0.10677623949029
148,"1_cell.7","1","cell.7",0.152828995941688
150,"1_cell.7","1","cell.7",0.317581355247898
152,"1_cell.7","1","cell.7",0.486201899026359
154,"1_cell.7","1","cell.7",0.622520335795988
156,"1_cell.7","1","cell.7",0.860884013981313
158,"1_cell.7","1","cell.7",0.747198831566367
160,"1_cell.7","1","cell.7",0.773490196835385
162,"1_cell.7","1","cell.7",0.815528714610407
164,"1_cell.7","1","cell.7",0.82323613007832
166,"1_cell.7","1","cell.7",0.795614513412698
168,"1_cell.7","1","cell.7",0.814226129869211
170,"1_cell.7","1","cell.7",0.824587614024421
172,"1_cell.7","1","cell.7",0.796651047874574
174,"1_cell.7","1","cell.7",0.804729067842822
176,"1_cell.7","1","cell.7",0.828998837035357
178,"1_cell.7","1","cell.7",0.838767740036385
180,"1_cell.7","1","cell.7",0.829938538203308
182,"1_cell.7","1","cell.7",0.814538827416369
184,"1_cell.7","1","cell.7",0.826101237439419
186,"1_cell.7","1","cell.7",0.842159800671399
188,"1_cell.7","1","cell.7",0.834149017109896
190,"1_cell.7","1","cell.7",0.821858909708583
192,"1_cell.7","1","cell.7",0.830566185234692
194,"1_cell.7","1","cell.7",0.837792972991232
196,"1_cell.7","1","cell.7",0.837618930426405
198,"1_cell.7","1","cell.7",0.83081486342806
200,"1_cell.7","1","cell.7",0.82542469120313
202,"1_cell.7","1","cell.7",0.832308219409446
204,"1_cell.7","1","cell.7",0.870785459564058
206,"1_cell.7","1","cell.7",0.834609699092952
208,"1_cell.7","1","cell.7",0.813175118669041
210,"1_cell.7","1","cell.7",0.853316218611617
212,"1_cell.7","1","cell.7",0.834892478047635
214,"1_cell.7","1","cell.7",0.820646080744812
216,"1_cell.7","1","cell.7",0.834559513066865
218,"1_cell.7","1","cell.7",0.845173214173692
220,"1_cell.7","1","cell.7",0.842902618198547
222,"1_cell.7","1","cell.7",0.857757681920324
224,"1_cell.7","1","cell.7",0.836971337666704
226,"1_cell.7","1","cell.7",0.825584900440254
228,"1_cell.7","1","cell.7",0.87240363720007
230,"1_cell.7","1","cell.7",0.874782004449184
232,"1_cell.7","1","cell.7",0.863129195238119
234,"1_cell.7","1","cell.7",0.859698529967653
236,"1_cell.7","1","cell.7",0.891352400806194
238,"1_cell.7","1","cell.7",0.882034206924063
240,"1_cell.7","1","cell.7",0.894910139668354
0,"1_cell.8","1","cell.8",0.960818371401424
2,"1_cell.8","1","cell.8",0.943920828243191
4,"1_cell.8","1","cell.8",0.995760066140993
6,"1_cell.8","1","cell.8",1
8,"1_cell.8","1","cell.8",0.970433494983896
10,"1_cell.8","1","cell.8",0.981426226878416
12,"1_cell.8","1","cell.8",0.987265390737793
14,"1_cell.8","1","cell.8",0.976282530633398
16,"1_cell.8","1","cell.8",0.972178333888621
18,"1_cell.8","1","cell.8",0.985261417342267
20,"1_cell.8","1","cell.8",0.981431162773479
22,"1_cell.8","1","cell.8",0.967620528387566
24,"1_cell.8","1","cell.8",0.981495329409297
26,"1_cell.8","1","cell.8",0.975333851602314
28,"1_cell.8","1","cell.8",0.959345500314663
30,"1_cell.8","1","cell.8",0.941051592443144
32,"1_cell.8","1","cell.8",0.980587124717728
34,"1_cell.8","1","cell.8",0.967944816693197
36,"1_cell.8","1","cell.8",0.978506151359222
38,"1_cell.8","1","cell.8",0.974774121102185
40,"1_cell.8","1","cell.8",0.954095682325793
42,"1_cell.8","1","cell.8",0.930583052604301
44,"1_cell.8","1","cell.8",0.938892138353138
46,"1_cell.8","1","cell.8",0.921233480176211
48,"1_cell.8","1","cell.8",0.636891373289403
50,"1_cell.8","1","cell.8",0.0693350115376546
52,"1_cell.8","1","cell.8",0.0913407124964523
54,"1_cell.8","1","cell.8",0.0573037673219067
56,"1_cell.8","1","cell.8",0.0799995064104934
58,"1_cell.8","1","cell.8",0.0549325633337033
60,"1_cell.8","1","cell.8",0.0702195239329213
62,"1_cell.8","1","cell.8",0.0564454151704731
64,"1_cell.8","1","cell.8",0.0295023383802858
66,"1_cell.8","1","cell.8",0.0523974876294127
68,"1_cell.8","1","cell.8",0.056547588198275
70,"1_cell.8","1","cell.8",0.047296240081936
72,"1_cell.8","1","cell.8",0.0611656116190967
74,"1_cell.8","1","cell.8",0.0497138414837301
76,"1_cell.8","1","cell.8",0.0460899073285702
78,"1_cell.8","1","cell.8",0.0401470896728736
80,"1_cell.8","1","cell.8",0.0575209467046732
82,"1_cell.8","1","cell.8",0.0432567035624824
84,"1_cell.8","1","cell.8",0.0352314317797602
86,"1_cell.8","1","cell.8",0.029503819148805
88,"1_cell.8","1","cell.8",0.0469097594985128
90,"1_cell.8","1","cell.8",0.0507592640580461
92,"1_cell.8","1","cell.8",0.0422512617381755
94,"1_cell.8","1","cell.8",0.0302856649267638
96,"1_cell.8","1","cell.8",0.0367610656597438
98,"1_cell.8","1","cell.8",0.0297047100778639
100,"1_cell.8","1","cell.8",0.0388326608176308
102,"1_cell.8","1","cell.8",0.0515786226384827
104,"1_cell.8","1","cell.8",0.0337738619676944
106,"1_cell.8","1","cell.8",0.0256908402127369
108,"1_cell.8","1","cell.8",0.0241009884129862
110,"1_cell.8","1","cell.8",0.0352032971779019
112,"1_cell.8","1","cell.8",0.0334811633904663
114,"1_cell.8","1","cell.8",0.0257880773454757
116,"1_cell.8","1","cell.8",0.0434724021767298
118,"1_cell.8","1","cell.8",0.0284613581115263
120,"1_cell.8","1","cell.8",0.0146620762842581
122,"1_cell.8","1","cell.8",0.0243635780303308
124,"1_cell.8","1","cell.8",0.0322466960352421
126,"1_cell.8","1","cell.8",0.0436698379792443
128,"1_cell.8","1","cell.8",0.0287135823492394
130,"1_cell.8","1","cell.8",0.0140357112007796
132,"1_cell.8","1","cell.8",0.0158970372289883
134,"1_cell.8","1","cell.8",0.0171236071521117
136,"1_cell.8","1","cell.8",0.0211868359678672
138,"1_cell.8","1","cell.8",0.0361154505855203
140,"1_cell.8","1","cell.8",0.0241296166043511
142,"1_cell.8","1","cell.8",0.018793420451881
144,"1_cell.8","1","cell.8",0
146,"1_cell.8","1","cell.8",0.0125667888300692
148,"1_cell.8","1","cell.8",0.0204242401806539
150,"1_cell.8","1","cell.8",0.00704352225471664
152,"1_cell.8","1","cell.8",0.109499870432755
154,"1_cell.8","1","cell.8",0.240642159947679
156,"1_cell.8","1","cell.8",0.384990930292822
158,"1_cell.8","1","cell.8",0.447421118227026
160,"1_cell.8","1","cell.8",0.536361011364898
162,"1_cell.8","1","cell.8",0.591826157775886
164,"1_cell.8","1","cell.8",0.603243870235319
166,"1_cell.8","1","cell.8",0.585006725157023
168,"1_cell.8","1","cell.8",0.631852811609225
170,"1_cell.8","1","cell.8",0.63798319327731
172,"1_cell.8","1","cell.8",0.647569195078912
174,"1_cell.8","1","cell.8",0.653360480756179
176,"1_cell.8","1","cell.8",0.662956354347906
178,"1_cell.8","1","cell.8",0.668223941559002
180,"1_cell.8","1","cell.8",0.655900985945038
182,"1_cell.8","1","cell.8",0.652820987425807
184,"1_cell.8","1","cell.8",0.668713582349239
186,"1_cell.8","1","cell.8",0.67073285701946
188,"1_cell.8","1","cell.8",0.669760485692074
190,"1_cell.8","1","cell.8",0.657627562038031
192,"1_cell.8","1","cell.8",0.657258357087328
194,"1_cell.8","1","cell.8",0.664639000974839
196,"1_cell.8","1","cell.8",0.674469823171559
198,"1_cell.8","1","cell.8",0.676318315872604
200,"1_cell.8","1","cell.8",0.680421525438369
202,"1_cell.8","1","cell.8",0.661106380878342
204,"1_cell.8","1","cell.8",0.678280334160095
206,"1_cell.8","1","cell.8",0.670609953232394
208,"1_cell.8","1","cell.8",0.677414578166068
210,"1_cell.8","1","cell.8",0.700319105615814
212,"1_cell.8","1","cell.8",0.686514887893483
214,"1_cell.8","1","cell.8",0.681153518676193
216,"1_cell.8","1","cell.8",0.682107627191845
218,"1_cell.8","1","cell.8",0.67070620318612
220,"1_cell.8","1","cell.8",0.689407815989832
222,"1_cell.8","1","cell.8",0.668137069805895
224,"1_cell.8","1","cell.8",0.676165796715161
226,"1_cell.8","1","cell.8",0.681508903120719
228,"1_cell.8","1","cell.8",0.681510383889238
230,"1_cell.8","1","cell.8",0.693591480645121
232,"1_cell.8","1","cell.8",0.709610434482163
234,"1_cell.8","1","cell.8",0.677020693740051
236,"1_cell.8","1","cell.8",0.69085304606424
238,"1_cell.8","1","cell.8",0.698420266785128
240,"1_cell.8","1","cell.8",0.706029442614049
0,"1_cell.9","1","cell.9",0.933526754140642
2,"1_cell.9","1","cell.9",0.915432449444801
4,"1_cell.9","1","cell.9",0.959162224215109
6,"1_cell.9","1","cell.9",0.975665354246593
8,"1_cell.9","1","cell.9",0.965777007649362
10,"1_cell.9","1","cell.9",0.979037253044706
12,"1_cell.9","1","cell.9",0.984162210519338
14,"1_cell.9","1","cell.9",0.975553048925128
16,"1_cell.9","1","cell.9",0.978519552904297
18,"1_cell.9","1","cell.9",1
20,"1_cell.9","1","cell.9",0.978777033397411
22,"1_cell.9","1","cell.9",0.972145541122648
24,"1_cell.9","1","cell.9",0.98924881983542
26,"1_cell.9","1","cell.9",0.971148489000378
28,"1_cell.9","1","cell.9",0.930561619738564
30,"1_cell.9","1","cell.9",0.943502205840862
32,"1_cell.9","1","cell.9",0.973789033631882
34,"1_cell.9","1","cell.9",0.965010044478385
36,"1_cell.9","1","cell.9",0.93906751522011
38,"1_cell.9","1","cell.9",0.948286960366082
40,"1_cell.9","1","cell.9",0.944274647320203
42,"1_cell.9","1","cell.9",0.904840688053617
44,"1_cell.9","1","cell.9",0.917935488536366
46,"1_cell.9","1","cell.9",0.90252418536185
48,"1_cell.9","1","cell.9",0.685106835230563
50,"1_cell.9","1","cell.9",0.0811069031615863
52,"1_cell.9","1","cell.9",0.0064498863524928
54,"1_cell.9","1","cell.9",0.0489571766113485
56,"1_cell.9","1","cell.9",0.0543618017279678
58,"1_cell.9","1","cell.9",0.0266128002866251
60,"1_cell.9","1","cell.9",0.0429061111077633
62,"1_cell.9","1","cell.9",0.0263164238041263
64,"1_cell.9","1","cell.9",0.0178499721428019
66,"1_cell.9","1","cell.9",0.0232962324029885
68,"1_cell.9","1","cell.9",0.0296173785089248
70,"1_cell.9","1","cell.9",0.026495838403051
72,"1_cell.9","1","cell.9",0.0262065837214258
74,"1_cell.9","1","cell.9",0.0200207518320832
76,"1_cell.9","1","cell.9",0.0224427119598592
78,"1_cell.9","1","cell.9",0.0207532016603657
80,"1_cell.9","1","cell.9",0.0358541586660538
82,"1_cell.9","1","cell.9",0.00889814236041678
84,"1_cell.9","1","cell.9",0.0218472198406796
86,"1_cell.9","1","cell.9",0.0108738942719356
88,"1_cell.9","1","cell.9",0.0202738496785053
90,"1_cell.9","1","cell.9",0.0290035340567257
92,"1_cell.9","1","cell.9",0.0255902740304626
94,"1_cell.9","1","cell.9",0.0130830221197656
96,"1_cell.9","1","cell.9",0.0253818243972079
98,"1_cell.9","1","cell.9",0.0192956977200923
100,"1_cell.9","1","cell.9",0.0316424351957206
102,"1_cell.9","1","cell.9",0.0172895411971528
104,"1_cell.9","1","cell.9",0.0245362475012066
106,"1_cell.9","1","cell.9",0.0160158345024955
108,"1_cell.9","1","cell.9",0.00854150448591285
110,"1_cell.9","1","cell.9",0.0219061116555939
112,"1_cell.9","1","cell.9",0.0180222649408533
114,"1_cell.9","1","cell.9",0.0140891134508358
116,"1_cell.9","1","cell.9",0.0314367247166481
118,"1_cell.9","1","cell.9",0.0254990601962
120,"1_cell.9","1","cell.9",0.00924984975739316
122,"1_cell.9","1","cell.9",0.0149787907291681
124,"1_cell.9","1","cell.9",0.012789384791449
126,"1_cell.9","1","cell.9",0.0255776739212251
128,"1_cell.9","1","cell.9",0.0128726550785835
130,"1_cell.9","1","cell.9",0
132,"1_cell.9","1","cell.9",0.0140066649099558
134,"1_cell.9","1","cell.9",0.00934845930794705
136,"1_cell.9","1","cell.9",0.0272091141520592
138,"1_cell.9","1","cell.9",0.0157999891529494
140,"1_cell.9","1","cell.9",0.0257705103756421
142,"1_cell.9","1","cell.9",0.0103920770513115
144,"1_cell.9","1","cell.9",0.00676844998386638
146,"1_cell.9","1","cell.9",0.0112143711367654
148,"1_cell.9","1","cell.9",0.00839523365259068
150,"1_cell.9","1","cell.9",0.0150393260365917
152,"1_cell.9","1","cell.9",0.100878118047684
154,"1_cell.9","1","cell.9",0.240750287200316
156,"1_cell.9","1","cell.9",0.381311353629735
158,"1_cell.9","1","cell.9",0.498450734394628
160,"1_cell.9","1","cell.9",0.613280734268626
162,"1_cell.9","1","cell.9",0.68036070277931
164,"1_cell.9","1","cell.9",0.706403758996067
166,"1_cell.9","1","cell.9",0.702328993234837
168,"1_cell.9","1","cell.9",0.735149812559679
170,"1_cell.9","1","cell.9",0.762117333312881
172,"1_cell.9","1","cell.9",0.775181181353372
174,"1_cell.9","1","cell.9",0.796343886563955
176,"1_cell.9","1","cell.9",0.80749580498537
178,"1_cell.9","1","cell.9",0.798063253644033
180,"1_cell.9","1","cell.9",0.80352320967513
182,"1_cell.9","1","cell.9",0.808848673235889
184,"1_cell.9","1","cell.9",0.819556300848973
186,"1_cell.9","1","cell.9",0.821411803891899
188,"1_cell.9","1","cell.9",0.847245588729147
190,"1_cell.9","1","cell.9",0.813700810953987
192,"1_cell.9","1","cell.9",0.839578422258148
194,"1_cell.9","1","cell.9",0.835365055295305
196,"1_cell.9","1","cell.9",0.858175361746397
198,"1_cell.9","1","cell.9",0.865401524394085
200,"1_cell.9","1","cell.9",0.853279671476804
202,"1_cell.9","1","cell.9",0.841209040742727
204,"1_cell.9","1","cell.9",0.850612009218897
206,"1_cell.9","1","cell.9",0.832195579991245
208,"1_cell.9","1","cell.9",0.85742072476924
210,"1_cell.9","1","cell.9",0.88067395245157
212,"1_cell.9","1","cell.9",0.859917737721604
214,"1_cell.9","1","cell.9",0.849636322499248
216,"1_cell.9","1","cell.9",0.858566239048176
218,"1_cell.9","1","cell.9",0.84384985928965
220,"1_cell.9","1","cell.9",0.861261018932486
222,"1_cell.9","1","cell.9",0.851634261559641
224,"1_cell.9","1","cell.9",0.86549849045213
226,"1_cell.9","1","cell.9",0.849918729295418
228,"1_cell.9","1","cell.9",0.874513046865284
230,"1_cell.9","1","cell.9",0.880561921045524
232,"1_cell.9","1","cell.9",0.899169543235083
234,"1_cell.9","1","cell.9",0.863992229567416
236,"1_cell.9","1","cell.9",0.888163073900736
238,"1_cell.9","1","cell.9",0.87903429475819
240,"1_cell.9","1","cell.9",0.874058073355644
0,"1_cell.10","1","cell.10",0.969445726650573
2,"1_cell.10","1","cell.10",1
4,"1_cell.10","1","cell.10",0.987505005136
6,"1_cell.10","1","cell.10",0.960437274967159
8,"1_cell.10","1","cell.10",0.995642387536548
10,"1_cell.10","1","cell.10",0.986707355844719
12,"1_cell.10","1","cell.10",0.982346797517407
14,"1_cell.10","1","cell.10",0.986086458385028
16,"1_cell.10","1","cell.10",0.985154885590579
18,"1_cell.10","1","cell.10",0.979276300955797
20,"1_cell.10","1","cell.10",0.981654292905431
22,"1_cell.10","1","cell.10",0.96385719630353
24,"1_cell.10","1","cell.10",0.972784976638167
26,"1_cell.10","1","cell.10",0.980809283187479
28,"1_cell.10","1","cell.10",0.972454813280951
30,"1_cell.10","1","cell.10",0.96546495815627
32,"1_cell.10","1","cell.10",0.968997955343876
34,"1_cell.10","1","cell.10",0.963440243264905
36,"1_cell.10","1","cell.10",0.956412091910046
38,"1_cell.10","1","cell.10",0.952596745001719
40,"1_cell.10","1","cell.10",0.976184956742255
42,"1_cell.10","1","cell.10",0.948730185383213
44,"1_cell.10","1","cell.10",0.957605393378197
46,"1_cell.10","1","cell.10",0.939470655456975
48,"1_cell.10","1","cell.10",0.935285489331781
50,"1_cell.10","1","cell.10",0.0567386975701382
52,"1_cell.10","1","cell.10",0.0340981475728233
54,"1_cell.10","1","cell.10",0.0315390982982649
56,"1_cell.10","1","cell.10",0.0216985533769003
58,"1_cell.10","1","cell.10",0.0147028065244993
60,"1_cell.10","1","cell.10",0.0209033967396539
62,"1_cell.10","1","cell.10",0.0180789931127968
64,"1_cell.10","1","cell.10",0.00993209330593233
66,"1_cell.10","1","cell.10",0.00852057130724053
68,"1_cell.10","1","cell.10",0
70,"1_cell.10","1","cell.10",0.00658038004816252
72,"1_cell.10","1","cell.10",0.00937464522168406
74,"1_cell.10","1","cell.10",0.0156701828950908
76,"1_cell.10","1","cell.10",0.0191048335507608
78,"1_cell.10","1","cell.10",0.0149547911869723
80,"1_cell.10","1","cell.10",0.0177422582131251
82,"1_cell.10","1","cell.10",0.0138423876725115
84,"1_cell.10","1","cell.10",0.0149765452585526
86,"1_cell.10","1","cell.10",0.0208215923663148
88,"1_cell.10","1","cell.10",0.0267266897758356
90,"1_cell.10","1","cell.10",0.0164055158354911
92,"1_cell.10","1","cell.10",0.0149264655729354
94,"1_cell.10","1","cell.10",0.0236212960577317
96,"1_cell.10","1","cell.10",0.015243259240325
98,"1_cell.10","1","cell.10",0.0191118583030418
100,"1_cell.10","1","cell.10",0.0135387370900348
102,"1_cell.10","1","cell.10",0.0117306564948252
104,"1_cell.10","1","cell.10",0.00912084771991258
106,"1_cell.10","1","cell.10",0.013310772548265
108,"1_cell.10","1","cell.10",0.012957042280171
110,"1_cell.10","1","cell.10",0.00685661143625132
112,"1_cell.10","1","cell.10",0.0173776509092408
114,"1_cell.10","1","cell.10",0.0131464839868506
116,"1_cell.10","1","cell.10",0.015780539487379
118,"1_cell.10","1","cell.10",0.0112529733397054
120,"1_cell.10","1","cell.10",0.0121709498394165
122,"1_cell.10","1","cell.10",0.0129051497552554
124,"1_cell.10","1","cell.10",0.0226718214752114
126,"1_cell.10","1","cell.10",0.0115910678688509
128,"1_cell.10","1","cell.10",0.0108253698702028
130,"1_cell.10","1","cell.10",0.00951332742800916
132,"1_cell.10","1","cell.10",0.0140109817272595
134,"1_cell.10","1","cell.10",0.0114485333790168
136,"1_cell.10","1","cell.10",0.00337618658829747
138,"1_cell.10","1","cell.10",0.00632680915130346
140,"1_cell.10","1","cell.10",0.0176371135338197
142,"1_cell.10","1","cell.10",0.0129230515433266
144,"1_cell.10","1","cell.10",0.00496378060384314
146,"1_cell.10","1","cell.10",0.00807733209878971
148,"1_cell.10","1","cell.10",0.0217198542386562
150,"1_cell.10","1","cell.10",0.0742359958730712
152,"1_cell.10","1","cell.10",0.329836366326782
154,"1_cell.10","1","cell.10",0.467406622347278
156,"1_cell.10","1","cell.10",0.59660994519107
158,"1_cell.10","1","cell.10",0.668821905987513
160,"1_cell.10","1","cell.10",0.691586862081679
162,"1_cell.10","1","cell.10",0.689724396307518
164,"1_cell.10","1","cell.10",0.698960812532702
166,"1_cell.10","1","cell.10",0.702901018747704
168,"1_cell.10","1","cell.10",0.700671453015624
170,"1_cell.10","1","cell.10",0.718311285808391
172,"1_cell.10","1","cell.10",0.727415138159882
174,"1_cell.10","1","cell.10",0.726105814976636
176,"1_cell.10","1","cell.10",0.723539740949796
178,"1_cell.10","1","cell.10",0.738820616605563
180,"1_cell.10","1","cell.10",0.749655503882082
182,"1_cell.10","1","cell.10",0.749911794037889
184,"1_cell.10","1","cell.10",0.740138324170564
186,"1_cell.10","1","cell.10",0.759594621940296
188,"1_cell.10","1","cell.10",0.750683836974081
190,"1_cell.10","1","cell.10",0.763545705191088
192,"1_cell.10","1","cell.10",0.75677724306572
194,"1_cell.10","1","cell.10",0.764840525659947
196,"1_cell.10","1","cell.10",0.78275228434747
198,"1_cell.10","1","cell.10",0.768372843032817
200,"1_cell.10","1","cell.10",0.774018024607934
202,"1_cell.10","1","cell.10",0.764052620379894
204,"1_cell.10","1","cell.10",0.76665880347621
206,"1_cell.10","1","cell.10",0.769780965957824
208,"1_cell.10","1","cell.10",0.772279511720799
210,"1_cell.10","1","cell.10",0.770052665247667
212,"1_cell.10","1","cell.10",0.784194851219146
214,"1_cell.10","1","cell.10",0.781350732964919
216,"1_cell.10","1","cell.10",0.792729925240773
218,"1_cell.10","1","cell.10",0.664066148693158
220,"1_cell.10","1","cell.10",0.772706435375565
222,"1_cell.10","1","cell.10",0.783657570972092
224,"1_cell.10","1","cell.10",0.780974568810508
226,"1_cell.10","1","cell.10",0.795870216115371
228,"1_cell.10","1","cell.10",0.78300993413275
230,"1_cell.10","1","cell.10",0.778576862233504
232,"1_cell.10","1","cell.10",0.775341623900655
234,"1_cell.10","1","cell.10",0.78207133658602
236,"1_cell.10","1","cell.10",0.780621971566975
238,"1_cell.10","1","cell.10",0.790893972241351
240,"1_cell.10","1","cell.10",0.794683712794589
0,"1_cell.11","1","cell.11",0.964735986671869
2,"1_cell.11","1","cell.11",1
4,"1_cell.11","1","cell.11",0.977465958237352
6,"1_cell.11","1","cell.11",0.983434520423195
8,"1_cell.11","1","cell.11",0.993741799909412
10,"1_cell.11","1","cell.11",0.98986932250529
12,"1_cell.11","1","cell.11",0.986123445323996
14,"1_cell.11","1","cell.11",0.989560800953863
16,"1_cell.11","1","cell.11",0.991116707053733
18,"1_cell.11","1","cell.11",0.973377249780378
20,"1_cell.11","1","cell.11",0.988848009783324
22,"1_cell.11","1","cell.11",0.980476968999169
24,"1_cell.11","1","cell.11",0.980447180711445
26,"1_cell.11","1","cell.11",0.988483635192415
28,"1_cell.11","1","cell.11",0.996507855198069
30,"1_cell.11","1","cell.11",0.993276357913724
32,"1_cell.11","1","cell.11",0.977073657126701
34,"1_cell.11","1","cell.11",0.9719146980465
36,"1_cell.11","1","cell.11",0.984207686069746
38,"1_cell.11","1","cell.11",0.978173962004507
40,"1_cell.11","1","cell.11",0.991970460657252
42,"1_cell.11","1","cell.11",0.985104792270577
44,"1_cell.11","1","cell.11",0.982814817651794
46,"1_cell.11","1","cell.11",0.982440868254116
48,"1_cell.11","1","cell.11",0.943375656638918
50,"1_cell.11","1","cell.11",0.0969967820670253
52,"1_cell.11","1","cell.11",0.0405841483222677
54,"1_cell.11","1","cell.11",0.0340958869023825
56,"1_cell.11","1","cell.11",0.0281563151036991
58,"1_cell.11","1","cell.11",0.0213012853912121
60,"1_cell.11","1","cell.11",0.0249157749462947
62,"1_cell.11","1","cell.11",0.0222396164545181
64,"1_cell.11","1","cell.11",0.0198456487955558
66,"1_cell.11","1","cell.11",0.0165516493003608
68,"1_cell.11","1","cell.11",0.0152353793365564
70,"1_cell.11","1","cell.11",0.0157266201171479
72,"1_cell.11","1","cell.11",0.0121711752038038
74,"1_cell.11","1","cell.11",0.0228236796673924
76,"1_cell.11","1","cell.11",0.0302013342493231
78,"1_cell.11","1","cell.11",0.0220731212034895
80,"1_cell.11","1","cell.11",0.0289770888172374
82,"1_cell.11","1","cell.11",0.016254564323685
84,"1_cell.11","1","cell.11",0.0305114516018784
86,"1_cell.11","1","cell.11",0.0297781809835294
88,"1_cell.11","1","cell.11",0.0347076106681433
90,"1_cell.11","1","cell.11",0.0295885466161436
92,"1_cell.11","1","cell.11",0.0222031789954271
94,"1_cell.11","1","cell.11",0.030482993148428
96,"1_cell.11","1","cell.11",0.0155566672970082
98,"1_cell.11","1","cell.11",0.0241947388032608
100,"1_cell.11","1","cell.11",0.0129206698002882
102,"1_cell.11","1","cell.11",0.00844364973548259
104,"1_cell.11","1","cell.11",0.00711727303120033
106,"1_cell.11","1","cell.11",0.00723616021524171
108,"1_cell.11","1","cell.11",0.000870509515363257
110,"1_cell.11","1","cell.11",0.00592919909135081
112,"1_cell.11","1","cell.11",0.0180634049023543
114,"1_cell.11","1","cell.11",0.0208956859378272
116,"1_cell.11","1","cell.11",0.0144845549057987
118,"1_cell.11","1","cell.11",0.0193770151976122
120,"1_cell.11","1","cell.11",0.0125086871423908
122,"1_cell.11","1","cell.11",0.010504094958678
124,"1_cell.11","1","cell.11",0.025654630868592
126,"1_cell.11","1","cell.11",0.0092056447741371
128,"1_cell.11","1","cell.11",0.00939155560555735
130,"1_cell.11","1","cell.11",0.00884180211693659
132,"1_cell.11","1","cell.11",0.0108636821462036
134,"1_cell.11","1","cell.11",0.00767819712771762
136,"1_cell.11","1","cell.11",0.00379880458537509
138,"1_cell.11","1","cell.11",0.00270647871320997
140,"1_cell.11","1","cell.11",0.017384125555505
142,"1_cell.11","1","cell.11",0.0162215844337048
144,"1_cell.11","1","cell.11",0.00274025650375409
146,"1_cell.11","1","cell.11",0
148,"1_cell.11","1","cell.11",0.023526630064308
150,"1_cell.11","1","cell.11",0.0922322518323122
152,"1_cell.11","1","cell.11",0.320502028396217
154,"1_cell.11","1","cell.11",0.475234363343171
156,"1_cell.11","1","cell.11",0.599141405799726
158,"1_cell.11","1","cell.11",0.671979886522582
160,"1_cell.11","1","cell.11",0.703563982449379
162,"1_cell.11","1","cell.11",0.699155049899371
164,"1_cell.11","1","cell.11",0.724510734023304
166,"1_cell.11","1","cell.11",0.715462009693428
168,"1_cell.11","1","cell.11",0.726208666423573
170,"1_cell.11","1","cell.11",0.73404032642644
172,"1_cell.11","1","cell.11",0.736161944026211
174,"1_cell.11","1","cell.11",0.751742282373286
176,"1_cell.11","1","cell.11",0.750668574180948
178,"1_cell.11","1","cell.11",0.759035093528574
180,"1_cell.11","1","cell.11",0.755088677338852
182,"1_cell.11","1","cell.11",0.770458635903876
184,"1_cell.11","1","cell.11",0.745222104930839
186,"1_cell.11","1","cell.11",0.773992271535137
188,"1_cell.11","1","cell.11",0.757778666107072
190,"1_cell.11","1","cell.11",0.790372106247375
192,"1_cell.11","1","cell.11",0.772490090739911
194,"1_cell.11","1","cell.11",0.785086280977492
196,"1_cell.11","1","cell.11",0.799493173561724
198,"1_cell.11","1","cell.11",0.783291004708411
200,"1_cell.11","1","cell.11",0.777132542188327
202,"1_cell.11","1","cell.11",0.781692809878647
204,"1_cell.11","1","cell.11",0.78493893534
206,"1_cell.11","1","cell.11",0.771800704652584
208,"1_cell.11","1","cell.11",0.801544043978151
210,"1_cell.11","1","cell.11",0.77529710492419
212,"1_cell.11","1","cell.11",0.798363080396195
214,"1_cell.11","1","cell.11",0.794955513054052
216,"1_cell.11","1","cell.11",0.799503014335347
218,"1_cell.11","1","cell.11",0.583654155851789
220,"1_cell.11","1","cell.11",0.781932977948422
222,"1_cell.11","1","cell.11",0.79295038893663
224,"1_cell.11","1","cell.11",0.798034611330667
226,"1_cell.11","1","cell.11",0.817569876806812
228,"1_cell.11","1","cell.11",0.812626616845755
230,"1_cell.11","1","cell.11",0.817067465418325
232,"1_cell.11","1","cell.11",0.781795473084553
234,"1_cell.11","1","cell.11",0.805278750551549
236,"1_cell.11","1","cell.11",0.801483935468994
238,"1_cell.11","1","cell.11",0.814238641951962
240,"1_cell.11","1","cell.11",0.808644827064361
